Country Name,Country Code,Indicator Name,Indicator Code,1960,1961,1962,1963,1964,1965,1966,1967,1968,1969,1970,1971,1972,1973,1974,1975,1976,1977,1978,1979,1980,1981,1982,1983,1984,1985,1986,1987,1988,1989,1990,1991,1992,1993,1994,1995,1996,1997,1998,1999,2000,2001,2002,2003,2004,2005,2006,2007,2008,2009,2010,2011,2012,2013,2014,2015,2016,2017,2018,2019,2020,2021,2022,2023,2024
Aruba,ABW,"Literacy rate, adult total (% of people ages 15 and above)",SE.ADT.LITR.ZS,,,,,,,,,,,,,,,,,,,,,,,,,,,,,,,,,,,,,,,,,97,,,,,,,,,,97,,,,,,,,,,97.98999786,,,,
Africa Eastern and Southern,AFE,"Literacy rate, adult total (% of people ages 15 and above)",SE.ADT.LITR.ZS,,,,,,,,,,,,,,,,,,,,,,,,,,,,56.86621094,57.26845932,57.61875153,58.14876175,58.18180084,58.46995163,58.91260147,59.34590149,59.92193985,60.44985962,61.19145966,61.40491104,62.26570892,62.77009964,63.25819016,63.95227051,64.44235229,64.67675018,64.13368225,62.17927933,63.13407898,63.36717987,64.0625,64.80999756,66.87127686,68.54786682,69.38085938,70.03530884,70.44709015,71.1051712,71.02998352,71.49539948,72.65866089,72.85575867,72.63890839,72.98155975,73.27510834,
Afghanistan,AFG,"Literacy rate, adult total (% of people ages 15 and above)",SE.ADT.LITR.ZS,,,,,,,,,,,,,,,,,,,,18,,,,,,,,,,,,,,,,,,,,,,,,,,,,,,,,31,,,,33.7538414,,,,,,37,,,
Africa Western and Central,AFW,"Literacy rate, adult total (% of people ages 15 and above)",SE.ADT.LITR.ZS,,,,,,,,,,,,,,,,,,,,,,,,,,40.29465103,40.55083084,41.29013824,41.97092819,42.79779053,43.57051849,44.36270905,45.13663101,45.95827103,46.83008957,47.00222015,47.86489105,48.86634064,50.23897171,51.08980942,47.57738113,48.76512146,49.49760818,50.07910919,51.42786026,51.54042053,52.22362137,50.28770065,50.72983932,50.85757065,51.41707993,52.02648926,52.57310867,53.42174911,54.14113998,55.0066185,55.46577835,56.47219849,59.74734879,59.55366898,59.70323944,60.0073204,60.29085159,60.50555038,
Angola,AGO,"Literacy rate, adult total (% of people ages 15 and above)",SE.ADT.LITR.ZS,,,,,,,,,,,,,,,,,,,,,,,,,,,,,,,,,,,,,,,,,,67,,,,,,,,,,,,,66,66.23586273,,,,,,,72.40000153,,
Albania,ALB,"Literacy rate, adult total (% of people ages 15 and above)",SE.ADT.LITR.ZS,,,,,,,,,,,,,,,,,,,,,,,,,,,,,,,,,,,,,,,,,,99,,,,,,,96,,,97,97,,,,,98.81623077,,,,,98.5,,
Andorra,AND,"Literacy rate, adult total (% of people ages 15 and above)",SE.ADT.LITR.ZS,,,,,,,,,,,,,,,,,,,,,,,,,,,,,,,,,,,,,,,,,,,,,,,,,,,,,,,,,,,,,,,,,
Arab World,ARB,"Literacy rate, adult total (% of people ages 15 and above)",SE.ADT.LITR.ZS,,,,,,,,,,,,,,,,,,,46.47531128,46.95946884,47.53025818,48.10424042,48.78091812,48.89918137,49.71409988,50.51200104,51.31388092,52.097229,52.9797287,53.85493088,54.79576874,55.80374908,56.89017105,57.67678833,58.62234879,59.60628891,60.74340057,61.85475159,63.05041885,64.12461853,65.13143158,66.26094818,67.29463196,70.01904297,70.86917114,71.40384674,69.19499969,70.04464722,71.01017761,69.74595642,70.43971252,72.20359039,73.068367,73.81128693,74.31661224,75.02053833,73.71795654,74.21221161,74.55412292,74.80751801,75.12145996,75.53957367,75.81845856,76.15425873,
United Arab Emirates,ARE,"Literacy rate, adult total (% of people ages 15 and above)",SE.ADT.LITR.ZS,,,,,,,,,,,,,,,,54,,,,,,,,,,71,,,,,,,,,,,,,,,,,,,,90,,,,,,,,,,,,,,98,,98,98,,
Argentina,ARG,"Literacy rate, adult total (% of people ages 15 and above)",SE.ADT.LITR.ZS,,,,,,,,,,,,,,,,,,,,,94,,,,,,,,,,,96,,,,,,,,,,97,,,,,,,,,,,,,,,,,,,,,,,
Armenia,ARM,"Literacy rate, adult total (% of people ages 15 and above)",SE.ADT.LITR.ZS,,,,,,,,,,,,,,,,,,,,,,,,,,,,,,99,,,,,,,,,,,,99,,,,,,,,,,100,,,,,100,100,,,100,,,,
American Samoa,ASM,"Literacy rate, adult total (% of people ages 15 and above)",SE.ADT.LITR.ZS,,,,,,,,,,,,,,,,,,,,,97,,,,,,,,,,,,,,,,,,,,,,,,,,,,,,,,,,,,,,,,,,,,
Antigua and Barbuda,ATG,"Literacy rate, adult total (% of people ages 15 and above)",SE.ADT.LITR.ZS,,,,,,,,,,,,,,,,,,,,,,,,,,,,,,,,,,,,,,,,,,99,,,,,,,,,,,,,,,,,,,,,,,
Australia,AUS,"Literacy rate, adult total (% of people ages 15 and above)",SE.ADT.LITR.ZS,,,,,,,,,,,,,,,,,,,,,,,,,,,,,,,,,,,,,,,,,,,,,,,,,,,,,,,,,,,,,,,,,
Austria,AUT,"Literacy rate, adult total (% of people ages 15 and above)",SE.ADT.LITR.ZS,,,,,,,,,,,,,,,,,,,,,,,,,,,,,,,,,,,,,,,,,,,,,,,,,,,,,,,,,,,,,,,,,
Azerbaijan,AZE,"Literacy rate, adult total (% of people ages 15 and above)",SE.ADT.LITR.ZS,,,,,,,,,,,,,,,,,,,,,,,,,,,,,,,,,,,,,,,,99,,,,,,,,100,,100,100,100,100,100,100,100,100,100,,100,,,,100,
Burundi,BDI,"Literacy rate, adult total (% of people ages 15 and above)",SE.ADT.LITR.ZS,,,,,,,,,,,,,,,,,,,,23,,,,,,,,,,,37,,,,,,,,,,59,,,,,,,,48,,,,,,62,,65.68773651,68,,,,,75.54000092,,
Belgium,BEL,"Literacy rate, adult total (% of people ages 15 and above)",SE.ADT.LITR.ZS,,,,,,,,,,,,,,,,,,,,,,,,,,,,,,,,,,,,,,,,,,,,,,,,,,,,,,,,,,,,,,,,,
Benin,BEN,"Literacy rate, adult total (% of people ages 15 and above)",SE.ADT.LITR.ZS,,,,,,,,,,,,,,,,,,,,16,,,,,,,,,,,,,27,,,,,,,,,,35,,,,28.70211029,,,,,,32.94881821,,,,,38.87120819,,,,43.8341713,47.09999847,,
Burkina Faso,BFA,"Literacy rate, adult total (% of people ages 15 and above)",SE.ADT.LITR.ZS,,,,,,,,,,,,,,,,9,,,,,,,,,,,,,,,,14,,,,,13,,,,,,,22,,24,22,28,,,,,,,35,,,,39,30,,36.96738052,34.49000168,,
Bangladesh,BGD,"Literacy rate, adult total (% of people ages 15 and above)",SE.ADT.LITR.ZS,,,,,,,,,,,,,,,,,,,,,,29,,,,,,,,,,35,,,,,,,,,,47,,,,,,46.66360092,,,,59,58,61,61,65,73,73,74,75,75,76,,,
Bulgaria,BGR,"Literacy rate, adult total (% of people ages 15 and above)",SE.ADT.LITR.ZS,,,,,,,,,,,,,,,,,,,,,,,,,,,,,,,,,,,,,,,,,,98,,,,,,,,,,98,,,,,,,,,,98.41999817,,,
Bahrain,BHR,"Literacy rate, adult total (% of people ages 15 and above)",SE.ADT.LITR.ZS,,,,,,,,,,,,,,,,,,,,,,70,,,,,,,,,,84,,,,,,,,,,87,,,,,,,,,,92.30000305,,,,,,,,,,,98,98,
"Bahamas, The",BHS,"Literacy rate, adult total (% of people ages 15 and above)",SE.ADT.LITR.ZS,,,,,,,,,,,,,,,,,,,,,,,,,,,,,,,,,,,,,,,,,,,,,,,,,,,,,,,,,,,,,,,,,
Bosnia and Herzegovina,BIH,"Literacy rate, adult total (% of people ages 15 and above)",SE.ADT.LITR.ZS,,,,,,,,,,,,,,,,,,,,,,,,,,,,,,,,89,,,,,,,,,97,,,,,,,,,,,98.14203644,,97,,,,,,,,,98.30000305,,
Belarus,BLR,"Literacy rate, adult total (% of people ages 15 and above)",SE.ADT.LITR.ZS,,,,,,,,,,,,,,,,,,,,,,,,,,,,,,98,,,,,,,,,,100,,,,,,,,,,100,,,,,,,,,,100,,,,,
Belize,BLZ,"Literacy rate, adult total (% of people ages 15 and above)",SE.ADT.LITR.ZS,,,,,,,,,,,,,,,,,,,,,,,,,,,,,,,,70,,,,,,,,,,80.90000153,,,,,,,,,,,,,,90.91603851,,,,,,,,,
Bermuda,BMU,"Literacy rate, adult total (% of people ages 15 and above)",SE.ADT.LITR.ZS,,,,,,,,,,,,,,,,,,,,,,,,,,,,,,,,,,,,,,,,,,,,,,,,,,,,,,,,,,,,,,,,,
Bolivia,BOL,"Literacy rate, adult total (% of people ages 15 and above)",SE.ADT.LITR.ZS,,,,,,,,,,,,,,,,,63,,,,,,,,,,,,,,,,80,,,,,,,,,87,,,,,,91,91,91,,92,94,,,92,,,,,94,,,,
Brazil,BRA,"Literacy rate, adult total (% of people ages 15 and above)",SE.ADT.LITR.ZS,,,,,,,,,,,,,,,,,,,,,75,,,,,,,,,,,,,,,,,,,,86,,,,89,,90,90,90,90,90,91,91,91,92,92,93,93,93,,,,94.69000244,,
Barbados,BRB,"Literacy rate, adult total (% of people ages 15 and above)",SE.ADT.LITR.ZS,,,,,,,,,,,99,,,,,,,,,,99.5,,,,,,,,,,,,,,,,,,,,,,,,,,,,,,,,,,,,,,,,,,,,
Brunei Darussalam,BRN,"Literacy rate, adult total (% of people ages 15 and above)",SE.ADT.LITR.ZS,,,,,,,,,,,,,,,,,,,,,,78,,,,,,,,,,88,,,,,,,,,,93,,,,,,,,,,96,,,,,,,,,,97.58999634,,,
Bhutan,BTN,"Literacy rate, adult total (% of people ages 15 and above)",SE.ADT.LITR.ZS,,,,,,,,,,,,,,,,,,,,,,,,,,,,,,,,,,,,,,,,,,,,,,53,,,,,,,55,,,,,67,,,,,72.09999847,,
Botswana,BWA,"Literacy rate, adult total (% of people ages 15 and above)",SE.ADT.LITR.ZS,,,,,,,,,,,,,,,,,,,,,,,,,,,,,,,,69,,,,,,,,,,,,81,,,,,,,,,,86.82318115,,,,,,,,,,,
Central African Republic,CAF,"Literacy rate, adult total (% of people ages 15 and above)",SE.ADT.LITR.ZS,,,,,,,,,,,,,,,,18,,,,,,,,,,,,,34,,,,,,,,,,,,51,,,,,,,,,,36.75260925,,,,,,,,37,42.44279099,37.49000168,,,,
Canada,CAN,"Literacy rate, adult total (% of people ages 15 and above)",SE.ADT.LITR.ZS,,,,,,,,,,,,,,,,,,,,,,,,,,,,,,,,,,,,,,,,,,,,,,,,,,,,,,,,,,,,,,,,,
Central Europe and the Baltics,CEB,"Literacy rate, adult total (% of people ages 15 and above)",SE.ADT.LITR.ZS,,,,,,,,,,,,,,,,,,,,,,,97.97561646,97.99900055,98.03502655,98.06440735,98.0940094,98.12998199,98.21186066,98.27559662,98.34002686,98.400383,98.45832825,98.50900269,98.55934906,98.60749054,,,,,,,,,,,,,,,,,,99.29689789,99.31459808,99.3322525,99.3502121,99.37020874,99.41867828,99.43811798,99.45659637,99.47559357,99.48735046,,
Switzerland,CHE,"Literacy rate, adult total (% of people ages 15 and above)",SE.ADT.LITR.ZS,,,,,,,,,,,,,,,,,,,,,,,,,,,,,,,,,,,,,,,,,,,,,,,,,,,,,,,,,,,,,,,,,
Channel Islands,CHI,"Literacy rate, adult total (% of people ages 15 and above)",SE.ADT.LITR.ZS,,,,,,,,,,,,,,,,,,,,,,,,,,,,,,,,,,,,,,,,,,,,,,,,,,,,,,,,,,,,,,,,,
Chile,CHL,"Literacy rate, adult total (% of people ages 15 and above)",SE.ADT.LITR.ZS,,,,,,,,,,,,,,,,,,,,,,,91,,,,,,,,,,94,,,,,,,,,,96,,,,,,,,,97,,96,,97,,96,,,,,97.16000366,,
China,CHN,"Literacy rate, adult total (% of people ages 15 and above)",SE.ADT.LITR.ZS,,,,,,,,,,,,,,,,,,,,,,,66,,,,,,,,78,,,,,,,,,,91,,,,,,,,,,95,,,,,,,,,,97,,,,
Cote d'Ivoire,CIV,"Literacy rate, adult total (% of people ages 15 and above)",SE.ADT.LITR.ZS,,,,,,,,,,,,,,,,,,,,,,,,,,,,,34,,,,,,,,,,36,,49,,,,,,,,,,,,40.98162842,,44,,50.03968048,,,90,,50.00064087,,,
Cameroon,CMR,"Literacy rate, adult total (% of people ages 15 and above)",SE.ADT.LITR.ZS,,,,,,,,,,,,,,,,,41,,,,,,,,,,,,,,,,,,,,,,,,68,,,,,,,71,,,71,,,,,,,,72.54712677,,78.23000336,,,,
"Congo, Dem. Rep.",COD,"Literacy rate, adult total (% of people ages 15 and above)",SE.ADT.LITR.ZS,,,,,,,,,,,,,,,,,,,,,,,,,,,,,,,,,,,,,,,,,,67,,,,,,61.20555115,,,,,75,,,,77,,73.55303192,,,,80.54000092,,
"Congo, Rep.",COG,"Literacy rate, adult total (% of people ages 15 and above)",SE.ADT.LITR.ZS,,,,,,,,,,,,,,,,,,,,,,,,,60,,,,,,,,,,,,,,,,,,,,,76,,,,,,79.31117249,,,,,,,,,,80.61000061,,,
Colombia,COL,"Literacy rate, adult total (% of people ages 15 and above)",SE.ADT.LITR.ZS,,,,,,,,,,,,,,,,,,,,,,,,,,,,,,,,,,91,,,91,,,,,,,,93,93,92,93,93,93,93,94,,,94,94,95,,95,95,96,,,,
Comoros,COM,"Literacy rate, adult total (% of people ages 15 and above)",SE.ADT.LITR.ZS,,,,,,,,,,,,,,,,,,,,,48,,,,,,,,,,,,,,,,,,,,68,,,,,,,,,,,,49.19614029,,,,,,,,,,61.70999908,,
Cabo Verde,CPV,"Literacy rate, adult total (% of people ages 15 and above)",SE.ADT.LITR.ZS,,,,,,,,,,,,,,,,,,,,,,,,,,,,,,,63,,,,,,,,,,76.11044312,,,,,,,,,,,,85,,,87,,,,,,,91,,
Costa Rica,CRI,"Literacy rate, adult total (% of people ages 15 and above)",SE.ADT.LITR.ZS,,,,,,,,,,,,,,,,,,,,,,,,,93,,,,,,,,,,,,,,,,95,,,,,,,,,,,97,,,,,,,,,,98.04000092,,,
Caribbean small states,CSS,"Literacy rate, adult total (% of people ages 15 and above)",SE.ADT.LITR.ZS,,,,,,,,,,,,,,,,,,,,,,,,,,,,,,,,,,86.84288788,86.90670776,87.2071228,87.50739288,87.80066681,88.09118652,88.38037872,88.67469025,88.9420166,89.18743134,89.41989136,89.63707733,89.89797974,90.05967712,90.61286926,90.83847046,,,,,,,,,,,,,,,,
Cuba,CUB,"Literacy rate, adult total (% of people ages 15 and above)",SE.ADT.LITR.ZS,,,,,,,,,,,,,,,,,,,,,,98,,,,,,,,,,,,,,,,,,,,,100,,,,,,,,,,100,,,,,,,97.65490723,,99.67311096,,,
Curacao,CUW,"Literacy rate, adult total (% of people ages 15 and above)",SE.ADT.LITR.ZS,,,,,,,,,,,,,,,,,,,,,,,,,,,,,,,,,,,,,,,,,,,,,,,,,,,,,,,,,,,,,,,,,
Cayman Islands,CYM,"Literacy rate, adult total (% of people ages 15 and above)",SE.ADT.LITR.ZS,,,,,,,,,,,,,,,,,,,,,,,,,,,,,,,,,,,,,,,,,,,,,,,,99,,,,,,,,,,99,,,,,,,
Cyprus,CYP,"Literacy rate, adult total (% of people ages 15 and above)",SE.ADT.LITR.ZS,,,,,,,,,,,,,,,,,,,,,,,,,,,,,,,,,94,,,,,,,,,97,,,,,,,,,,99,,,,,,,,,,99.36000061,,,
Czechia,CZE,"Literacy rate, adult total (% of people ages 15 and above)",SE.ADT.LITR.ZS,,,,,,,,,,,,,,,,,,,,,,,,,,,,,,,,,,,,,,,,,,,,,,,,,,,,,,,,,,,,,,,,,
Germany,DEU,"Literacy rate, adult total (% of people ages 15 and above)",SE.ADT.LITR.ZS,,,,,,,,,,,,,,,,,,,,,,,,,,,,,,,,,,,,,,,,,,,,,,,,,,,,,,,,,,,,,,,,,
Djibouti,DJI,"Literacy rate, adult total (% of people ages 15 and above)",SE.ADT.LITR.ZS,,,,,,,,,,,,,,,,,,,,,,,,,,,,,,,,,,,,,,,,,,,,,,,,,,,,,,,,,,,,,,,,,
Dominica,DMA,"Literacy rate, adult total (% of people ages 15 and above)",SE.ADT.LITR.ZS,,,,,,,,,,,,,,,,,,,,,,,,,,,,,,,,,,,,,,,,,,,,,,,,,,,,,,,,,,,,,,,,,
Denmark,DNK,"Literacy rate, adult total (% of people ages 15 and above)",SE.ADT.LITR.ZS,,,,,,,,,,,,,,,,,,,,,,,,,,,,,,,,,,,,,,,,,,,,,,,,,,,,,,,,,,,,,,,,,
Dominican Republic,DOM,"Literacy rate, adult total (% of people ages 15 and above)",SE.ADT.LITR.ZS,,,,,,,,,,,,,,,,,,,,,,73,,,,,,,,,,,,,,,,,,,,,87,,,,,88,,,90,90,90,91,92,92,94,,,,,,95.5,,
Algeria,DZA,"Literacy rate, adult total (% of people ages 15 and above)",SE.ADT.LITR.ZS,,,,,,,,,,,,,,,,,,,,,,,,,,,,50,,,,,,,,,,,,,,,70,,,,73,,75,,,,,,,,,,81.40783691,,,,,,
East Asia & Pacific (excluding high income),EAP,"Literacy rate, adult total (% of people ages 15 and above)",SE.ADT.LITR.ZS,,,,,,,,,,,,,,,,,63.69419861,63.85924911,65.05122375,66.40856934,67.61348724,68.75798798,69.81548309,70.8302536,71.91015625,72.93418121,73.8547287,75.09300995,79.31347656,79.99532318,80.62463379,81.20629883,81.76069641,82.26519012,82.84407806,83.42884827,83.94519806,89.52677155,89.90746307,90.20379639,90.57733154,90.91433716,91.25837708,91.60472107,91.91644287,92.23677063,92.58711243,93.78843689,94.08830261,94.3666687,94.54556274,94.23642731,94.46130371,94.56922913,94.99214172,95.19853973,95.40149689,95.59159088,95.63213348,96.04688263,96.2685318,96.40647125,96.54675293,96.67762756,
Early-demographic dividend,EAR,"Literacy rate, adult total (% of people ages 15 and above)",SE.ADT.LITR.ZS,,,,,,,,,,,,,,,,48.92340088,49.1531105,49.75986099,50.37519073,50.96231842,51.55112839,52.14300919,52.77219009,53.38526917,54.17990112,54.81098938,55.44097137,56.33779907,57.06465912,57.74956131,58.61248016,59.28057098,60.11782074,60.93613052,61.69287872,62.52106857,63.23437881,63.9301796,66.90170288,67.5488205,68.27494812,68.86483765,69.49545288,70.43015289,71.09046936,71.08133698,71.11062622,72.08509064,72.94660187,73.71276855,75.29827881,75.36026001,75.60447693,76.30715942,77.0951004,78.01100922,78.67870331,78.93888092,79.2979126,79.56617737,80.07386017,80.50227356,81.00576019,81.49595642,
East Asia & Pacific,EAS,"Literacy rate, adult total (% of people ages 15 and above)",SE.ADT.LITR.ZS,,,,,,,,,,,,,,,,,65.69100189,65.87666321,66.96806335,68.20413971,69.30146027,70.34557343,71.31439972,72.24469757,73.23162842,74.16797638,75.00071716,76.17424774,79.9597702,80.5892334,81.17076111,81.71116638,82.22357178,82.68984222,83.24468994,83.8042984,84.29004669,89.27748871,89.64290619,89.96028137,90.32185364,90.63564301,90.98982239,91.36144257,91.6944809,92.02960968,92.37918854,93.51249695,93.81617737,94.08518219,94.20017242,93.86460114,94.09501648,94.20693207,94.71124268,94.92791748,95.13195801,95.32305145,95.36943054,95.80687714,96.02870178,96.16493225,96.30092621,96.43048859,
Europe & Central Asia (excluding high income),ECA,"Literacy rate, adult total (% of people ages 15 and above)",SE.ADT.LITR.ZS,,,,,,,,,,,,,,,,,,,,,,,,,,,,,,93.20307159,93.41841888,93.56755066,93.71807861,93.84960175,93.97428894,94.09631348,94.34555054,94.47283173,94.72511292,94.88533783,95.11637878,95.27252197,95.42579651,95.56822205,95.68714142,95.97032928,95.8777771,96.04781342,96.17410278,96.99658966,97.54811859,97.96994019,98.21566772,98.30252075,98.36765289,98.42497253,98.52690125,98.64160919,98.69303894,98.8225708,98.86509705,98.91927338,98.96550751,98.99172211,
Europe & Central Asia,ECS,"Literacy rate, adult total (% of people ages 15 and above)",SE.ADT.LITR.ZS,,,,,,,,,,,,,,,,,,,,,,,,,,,,,,,,,,,95.93805695,96.06758118,96.22135162,96.34140015,96.48623657,96.592453,96.65251923,96.75279999,96.91116333,97.00517273,97.0912323,97.21016693,97.27015686,97.35178375,97.47324371,97.7307663,97.89465332,98.03515625,98.13265991,98.19622803,98.2387085,98.28185272,98.33891296,98.41797638,98.50179291,98.56401062,98.60382843,98.64627838,98.66442108,98.68871307,
Ecuador,ECU,"Literacy rate, adult total (% of people ages 15 and above)",SE.ADT.LITR.ZS,,,,,,,,,,,,,,,,,,,,,,,84,,,,,,,,88,,,,,,,,,,,91,,,,,,92,92,92,92,92,92,93,94,94,94,93,,,94,94,94,,
"Egypt, Arab Rep.",EGY,"Literacy rate, adult total (% of people ages 15 and above)",SE.ADT.LITR.ZS,,,,,,,,,,,,,,,,,38,,,,,,,,,,44,,,,,,,,,,56,,,,,,,,,67,66,,,,72,,74,72,,,,71,,,,,74.5,,
Euro area,EMU,"Literacy rate, adult total (% of people ages 15 and above)",SE.ADT.LITR.ZS,,,,,,,,,,,,,,,,,,,,,,,,,,,,,,,,,,,,,,,,,,,,,,,,,,,,,,,,,,,,,,,,,
Eritrea,ERI,"Literacy rate, adult total (% of people ages 15 and above)",SE.ADT.LITR.ZS,,,,,,,,,,,,,,,,,,,,,,,,,,,,,,,,,,,,,,,,,,,53,,,,,,65,,,,,,,,,,76.57051849,,,,,,
Spain,ESP,"Literacy rate, adult total (% of people ages 15 and above)",SE.ADT.LITR.ZS,,,,,,,,,,,,,,,,,,,,,,93,,,,,,,,,,96,,,,,,,,,,,,,97,98,98,98,98,98,98,98,98,98,98,98,98,,98,,99,,,,
Estonia,EST,"Literacy rate, adult total (% of people ages 15 and above)",SE.ADT.LITR.ZS,,,,,,,,,,,,,,,,,,,,,,,,,,,,,,100,,,,,,,,,,,100,,,,,,,,,,,100,,,,,,,,,,99.87000275,,,
Ethiopia,ETH,"Literacy rate, adult total (% of people ages 15 and above)",SE.ADT.LITR.ZS,,,,,,,,,,,,,,,,,,,,,,,,,,,,,,,,,,,27,,,,,,,,,,35.90000153,29.8203392,,39,,,,,,,,,47.49158859,51.7711792,,,,,,,
European Union,EUU,"Literacy rate, adult total (% of people ages 15 and above)",SE.ADT.LITR.ZS,,,,,,,,,,,,,,,,,,,,,,,,,,,,,,,,,,,,,,,,,,,,,,,,,,,,,,,,,,,,,,,,,
Fragile and conflict affected situations,FCS,"Literacy rate, adult total (% of people ages 15 and above)",SE.ADT.LITR.ZS,,,,,,,,,,,,,,,,,,,,,,,,,,,57.98574066,58.51163864,59.03063965,59.41387939,59.93164063,60.21982956,60.45029831,60.69029999,61.27685928,61.74974823,62.1029892,62.66149902,63.27534866,63.71392059,61.94591904,62.45233917,62.93515015,63.13985062,63.7163887,63.93849182,62.7258606,62.38544846,62.80833054,61.96448898,62.26791,62.27994919,62.55318069,63.12306976,63.56327057,63.96762085,64.450737,65.08634949,65.08425903,65.74742126,65.66819763,65.78574371,65.91319275,65.85257721,
Finland,FIN,"Literacy rate, adult total (% of people ages 15 and above)",SE.ADT.LITR.ZS,,,,,,,,,,,,,,,,,,,,,,,,,,,,,,,,,,,,,,,,,,,,,,,,,,,,,,,,,,,,,,,,,
Fiji,FJI,"Literacy rate, adult total (% of people ages 15 and above)",SE.ADT.LITR.ZS,,,,,,,,,,,,,,,,,,,,,,,,,,,,,,,,,,,,,,,,,,,,,,,,,,,,,,,,,,,,,,,,,
France,FRA,"Literacy rate, adult total (% of people ages 15 and above)",SE.ADT.LITR.ZS,,,,,,,,,,,,,,,,,,,,,,,,,,,,,,,,,,,,,,,,,,,,,,,,,,,,,,,,,,,,,,,,,
Faroe Islands,FRO,"Literacy rate, adult total (% of people ages 15 and above)",SE.ADT.LITR.ZS,,,,,,,,,,,,,,,,,,,,,,,,,,,,,,,,,,,,,,,,,,,,,,,,,,,,,,,,,,,,,,,,,
"Micronesia, Fed. Sts.",FSM,"Literacy rate, adult total (% of people ages 15 and above)",SE.ADT.LITR.ZS,,,,,,,,,,,,,,,,,,,,,,,,,,,,,,,,,,,,,,,,,,,,,,,,,,,,,,,,,,,,,,,,,
Gabon,GAB,"Literacy rate, adult total (% of people ages 15 and above)",SE.ADT.LITR.ZS,,,,,,,,,,,,,,,,,,,,,,,,,,,,,,,,,,72,,,,,,,,,,,,,,,,,,,82.28379822,,,,,,,,,88.8583374,85.69000244,,
United Kingdom,GBR,"Literacy rate, adult total (% of people ages 15 and above)",SE.ADT.LITR.ZS,,,,,,,,,,,,,,,,,,,,,,,,,,,,,,,,,,,,,,,,,,,,,,,,,,,,,,,,,,,,,,,,,
Georgia,GEO,"Literacy rate, adult total (% of people ages 15 and above)",SE.ADT.LITR.ZS,,,,,,,,,,,,,,,,,,,,,,,,,,,,,,,,,,,,,,,,,,,100,,,,,,,,,,,,100,,,99,99.65366364,,,,100,,
Ghana,GHA,"Literacy rate, adult total (% of people ages 15 and above)",SE.ADT.LITR.ZS,,,,,,,,,,,,,,,,,,,,,,,,,,,,,,,,,,,,,,,,,58,,,,,,,,,,71,,,,,,,64.49239349,,,80.37999725,,,,
Gibraltar,GIB,"Literacy rate, adult total (% of people ages 15 and above)",SE.ADT.LITR.ZS,,,,,,,,,,,,,,,,,,,,,,,,,,,,,,,,,,,,,,,,,,,,,,,,,,,,,,,,,,,,,,,,,
Guinea,GIN,"Literacy rate, adult total (% of people ages 15 and above)",SE.ADT.LITR.ZS,,,,,,,,,,,,,,,,,,,,,,,,,,,,,,,,,,,,,21,,,,,,,30,,,,,,,25,,,,32,,,,40,,,45.33000183,,,
"Gambia, The",GMB,"Literacy rate, adult total (% of people ages 15 and above)",SE.ADT.LITR.ZS,,,,,,,,,,,,,,,,,,,,,,,,,,,,,,,,,,,,,,,,,37,,,,,,,,,,,,,41.95005035,,51,,,53.16019821,,,51.63740158,58.66999817,,
Guinea-Bissau,GNB,"Literacy rate, adult total (% of people ages 15 and above)",SE.ADT.LITR.ZS,,,,,,,,,,,,,,,,,,,,20,,,,,,,,,,,,,,,,,,,,,41,,,,,,,,,,,,,,45.5811615,,,,,54.8823204,,,53.90000153,,
Equatorial Guinea,GNQ,"Literacy rate, adult total (% of people ages 15 and above)",SE.ADT.LITR.ZS,,,,,,,,,,,,,,,,,,,,,,,,,,,,,,,,,,,,,,,,,88,,,,,,,,,,94.3705368,,,,,,,,,,,,,,
Greece,GRC,"Literacy rate, adult total (% of people ages 15 and above)",SE.ADT.LITR.ZS,,,,,,,,,,,,,,,,,,,,,,91,,,,,,,,,,93,,,,,,,,,,96,,,,,,,,94,,,,,,,,,,,,,,,
Grenada,GRD,"Literacy rate, adult total (% of people ages 15 and above)",SE.ADT.LITR.ZS,,,,,,,,,,,98,,,,,,,,,,98.40000153,,,,,,,,,,,,,,,,,,,,,,,,,,,,,,,,,,,,,,,,,,,,
Greenland,GRL,"Literacy rate, adult total (% of people ages 15 and above)",SE.ADT.LITR.ZS,,,,,,,,,,,,,,,,,,,,,,,,,,,,,,,,,,,,,,,,,,,,,,,,,,,,,,,,,,,,,,,,,
Guatemala,GTM,"Literacy rate, adult total (% of people ages 15 and above)",SE.ADT.LITR.ZS,,,,,,,,,,,,,,,,,,,,,,,,,,,,,,,,,,,64,,,,,,,,69,,,,,,,,,,78,77,81,80.19509125,,,81,,,,83.03117371,,
Guam,GUM,"Literacy rate, adult total (% of people ages 15 and above)",SE.ADT.LITR.ZS,,,,,,,,,,,,,,,,,,,,,96,,,,,,,,,,99,,,,,,,,,,99.55999756,,,,,,,,,,,,,,,,,,,,,,,,
Guyana,GUY,"Literacy rate, adult total (% of people ages 15 and above)",SE.ADT.LITR.ZS,,,,,,,,,,,,,,,,,,,,,,,,,,,,,,,,,,,,,,,,,,,,,,,,,,84.99401093,,,,,85.63973236,,,,,,85.63835144,,90.02999878,,
High income,HIC,"Literacy rate, adult total (% of people ages 15 and above)",SE.ADT.LITR.ZS,,,,,,,,,,,,,,,,,,,,,,,,,,,,,,,,,,,,,,,,,,,,,,,,,,,,,,,,,,,,,,,,,
"Hong Kong SAR, China",HKG,"Literacy rate, adult total (% of people ages 15 and above)",SE.ADT.LITR.ZS,,,,,,,,,,,,,,,,,,,,,,,,,,,,,,,,,,,,,,,,,,,,,,,,,,,,,,,,,,,,,,,,,
Honduras,HND,"Literacy rate, adult total (% of people ages 15 and above)",SE.ADT.LITR.ZS,,,,,,,,,,,,,,,,,,,,,,,,,,,,,,,,,,,,,,,,,,80,,,,,,84,,,85,85,85,85,87,88,89,,87,89,,,,,
Heavily indebted poor countries (HIPC),HPC,"Literacy rate, adult total (% of people ages 15 and above)",SE.ADT.LITR.ZS,,,,,,,,,,,,,,,,,,,,,,,,,,,43.52944183,44.14123154,44.56438065,45.13058853,45.67462921,46.07191086,46.3716011,46.73825836,47.16862106,47.3592186,47.86417007,48.61346054,49.11637878,49.93965149,50.94258118,51.76231003,52.5177002,53.03770828,53.58852005,53.8459816,52.23458862,53.64733124,53.96998978,54.19968033,55.22880173,57.16463089,58.53034973,59.53842926,60.29661942,60.87498856,61.49433899,62.60771179,64.16165924,64.35105896,64.61183167,65.09500885,65.55213928,65.92082977,
Croatia,HRV,"Literacy rate, adult total (% of people ages 15 and above)",SE.ADT.LITR.ZS,,,,,,,,,,,,,,,,,,,,,,,,,,,,,,,,97,,,,,,,,,,98,,,,,,,,,,,,,,,,,,,,99.44999695,,,
Haiti,HTI,"Literacy rate, adult total (% of people ages 15 and above)",SE.ADT.LITR.ZS,,,,,,,,,,,,,,,,,,,,,,,35,,,,,,,,,,,,,,,,,,,,,59,,,48.68502045,,,,,,,,,,61.69134903,68.00985718,,,,,,,
Hungary,HUN,"Literacy rate, adult total (% of people ages 15 and above)",SE.ADT.LITR.ZS,,,,,,,,,,,,,,,,,,,,,99,,,,,,,,,,99.09999847,,,,,,,,,,,,,,,,,,,,,,,,,,,,,,,99.09999847,,,
IBRD only,IBD,"Literacy rate, adult total (% of people ages 15 and above)",SE.ADT.LITR.ZS,,,,,,,,,,,,,,,,61.72045898,61.90056992,62.2448616,63.09395981,63.99940872,64.83812714,65.65335083,66.43994141,67.1964798,68.0822525,68.86392212,69.59496307,70.4718399,72.76798248,73.40574646,74.09323883,74.61988068,75.15083313,75.64013672,76.13955688,76.67047882,77.17352295,80.08342743,81.67337799,82.04602051,82.4675827,82.84921265,83.25000763,83.82926941,84.22633362,84.24723816,84.53527832,85.41902924,85.8871994,86.1740036,86.76625061,87.08046722,87.43739319,87.6772995,88.06704712,88.33882141,88.51596069,88.68708038,88.90817261,88.94484711,89.24588776,89.47541046,89.79763794,90.09896851,
IDA & IBRD total,IBT,"Literacy rate, adult total (% of people ages 15 and above)",SE.ADT.LITR.ZS,,,,,,,,,,,,,,,,58.61616898,58.77901077,59.10681152,59.8553009,60.65282822,61.39295959,62.11486053,62.81790924,63.49792862,64.29412842,65.00541687,65.67169952,66.48976898,68.53456116,69.15585327,69.82624054,70.32913971,70.88929749,71.4197464,71.92668152,72.44776917,72.94389343,75.43608856,76.93625641,77.35363007,77.5923233,77.99107361,78.41320038,78.99893951,79.40499115,79.41223907,79.37136078,80.07466125,80.51754761,80.7899704,81.57679749,81.81272125,82.0486908,82.42360687,82.847229,83.31432343,83.70352936,83.9151535,84.23887634,84.3611908,84.59989929,84.82348633,85.10057831,85.35204315,
IDA total,IDA,"Literacy rate, adult total (% of people ages 15 and above)",SE.ADT.LITR.ZS,,,,,,,,,,,,,,,,,,,,,44.74959183,45.02069092,45.32012177,45.63053894,45.99398041,46.36528015,46.71875,47.25265121,48.08322906,48.62488937,49.21269989,49.71640015,50.57445908,51.47507858,52.22705078,52.89533997,53.54806137,54.30012131,55.55945969,56.3888092,56.0110817,56.71977997,57.43262863,58.22697067,58.85507965,58.98418045,57.74592972,57.93970871,58.52658081,58.97623825,60.80833054,60.99414063,61.03001022,62.15908813,62.91770172,64.3584671,65.75422668,66.36461639,67.31408691,68.00256348,68.28266907,68.75950623,69.15470123,69.51500702,
IDA blend,IDB,"Literacy rate, adult total (% of people ages 15 and above)",SE.ADT.LITR.ZS,,,,,,,,,,,,,,,,,,,,,46.71942902,47.03422165,47.36125183,47.67736816,47.98693848,48.29785156,48.61975098,49.27560043,49.94118118,50.48210907,51.17140961,51.85963821,53.6689682,55.58475113,56.35834885,57.15684128,58.02085876,58.86204147,59.66479111,60.50194168,57.6583519,58.40943909,59.1355896,60.30315018,61.01641846,60.50519943,61.20518875,59.68865967,60.66439056,61.60240173,62.08919907,62.19781876,63.44921875,63.33293915,64.21697235,64.95767212,65.67326355,65.8370285,66.25102234,66.37684631,66.77944183,67.16327667,67.52667236,67.8960495,
Indonesia,IDN,"Literacy rate, adult total (% of people ages 15 and above)",SE.ADT.LITR.ZS,,,,,,,,,,,,,,,,,,,,,67,,,,,,,,,,82,,,,,,,,,,,,,,90,,92,,92,93,,93,,,95,95,95,,96,,96,,,,
IDA only,IDX,"Literacy rate, adult total (% of people ages 15 and above)",SE.ADT.LITR.ZS,,,,,,,,,,,,,,,,,,,,,,44.03710175,44.32305145,44.63068008,45.02043152,45.42123032,45.79013062,46.26445007,47.17562866,47.71765137,48.25587845,48.66450119,49.05147934,49.46712875,50.20755005,50.81401062,51.35652161,52.05524826,53.5309906,54.3507309,55.19245148,55.87366867,56.57666016,57.18611145,57.77180862,58.22148132,56.01248169,57.06330872,57.45429993,57.65644836,60.16366959,60.38803864,59.81361008,61.57019043,62.26710129,64.05935669,65.79447174,66.62503052,67.83686829,68.79856873,69.01576233,69.53566742,69.94486237,70.30046082,
Isle of Man,IMN,"Literacy rate, adult total (% of people ages 15 and above)",SE.ADT.LITR.ZS,,,,,,,,,,,,,,,,,,,,,,,,,,,,,,,,,,,,,,,,,,,,,,,,,,,,,,,,,,,,,,,,,
India,IND,"Literacy rate, adult total (% of people ages 15 and above)",SE.ADT.LITR.ZS,,,,,,,,,,,,,,,,,,,,,,41,,,,,,,,,,48,,,,,,,,,,61,,,,,63,,,,,69,,,,,,,,,,,76,77,
Not classified,INX,"Literacy rate, adult total (% of people ages 15 and above)",SE.ADT.LITR.ZS,,,,,,,,,,,,,,,,,,,,,,,,,,,,,,,,,,,,,,,,,,,,,,,,,,,,,,,,,,,,,,,,,
Ireland,IRL,"Literacy rate, adult total (% of people ages 15 and above)",SE.ADT.LITR.ZS,,,,,,,,,,,,,,,,,,,,,,,,,,,,,,,,,,,,,,,,,,,,,,,,,,,,,,,,,,,,,,,,,
"Iran, Islamic Rep.",IRN,"Literacy rate, adult total (% of people ages 15 and above)",SE.ADT.LITR.ZS,,,,,,,,,,,,,,,,,37,,,,,,,,,,52,,,,,66,,,,,73,,,,,,77,,,82,82,,83,,,,84,85,85,,86,,,,,,88.95999908,,
Iraq,IRQ,"Literacy rate, adult total (% of people ages 15 and above)",SE.ADT.LITR.ZS,,,,,,,,,,,,,,,,,,,,,,,,,,,,,,,,,,,,,,,,,74,,,,,,,,,,,,77,,82,,83,86,,,,,,,
Iceland,ISL,"Literacy rate, adult total (% of people ages 15 and above)",SE.ADT.LITR.ZS,,,,,,,,,,,,,,,,,,,,,,,,,,,,,,,,,,,,,,,,,,,,,,,,,,,,,,,,,,,,,,,,,
Israel,ISR,"Literacy rate, adult total (% of people ages 15 and above)",SE.ADT.LITR.ZS,,,,,,,,,,,,,,,,,,,,,,,,92,,,,,,,,,,,,,,,,,,,,,,,,,,,,,,,,,,,,,,,,,
Italy,ITA,"Literacy rate, adult total (% of people ages 15 and above)",SE.ADT.LITR.ZS,,,,,,,,,,,,,,,,,,,,,,96,,,,,,,,,,,,,,,,,,,,98,,,,,,,,,,99,,,,,,,,99,,,,,
Jamaica,JAM,"Literacy rate, adult total (% of people ages 15 and above)",SE.ADT.LITR.ZS,,,,,,,,,,,,,,,,,,,,,,,,,,,,,,,,,,,,,,,,80,,,,,,,,,,,,,,,,,,,,,,,,,
Jordan,JOR,"Literacy rate, adult total (% of people ages 15 and above)",SE.ADT.LITR.ZS,,,,,,,,,,,,,,,,,,,,67,,,,,,,,,,,,,,,,,,,,,,,,90,,91,,92,,,93,96,98,,,,,,95.43144989,,,,,95,
Japan,JPN,"Literacy rate, adult total (% of people ages 15 and above)",SE.ADT.LITR.ZS,,,,,,,,,,,,,,,,,,,,,,,,,,,,,,,,,,,,,,,,,,,,,,,,,,,,,,,,,,,,,,,,,
Kazakhstan,KAZ,"Literacy rate, adult total (% of people ages 15 and above)",SE.ADT.LITR.ZS,,,,,,,,,,,,,,,,,,,,,,,,,,,,,,98,,,,,,,,,,100,,,,,,,,,,100,99.78163147,,,,,,,,,,99.80000305,,,,
Kenya,KEN,"Literacy rate, adult total (% of people ages 15 and above)",SE.ADT.LITR.ZS,,,,,,,,,,,,,,,,,,,,,,,,,,,,,,,,,,,,,,,,,82,,,,,,,72.1570282,,,,,,,78.73303986,,,,,,,,82.87999725,,
Kyrgyz Republic,KGZ,"Literacy rate, adult total (% of people ages 15 and above)",SE.ADT.LITR.ZS,,,,,,,,,,,,,,,,,,,,,,,,,,,,,,,,,,,,,,,,99,,,,,,,,,,99,,,,,,,,,,99.59999847,,,,,
Cambodia,KHM,"Literacy rate, adult total (% of people ages 15 and above)",SE.ADT.LITR.ZS,,,,,,,,,,,,,,,,,,,,,,,,,,,,,,,,,,,,,,,67,,,,,,74,,,,77,76,,,,,78,81,,,,,,71.92725372,83.77999878,,
Kiribati,KIR,"Literacy rate, adult total (% of people ages 15 and above)",SE.ADT.LITR.ZS,,,,,,,,,,,,,,,,,,,,,,,,,,,,,,,,,,,,,,,,,,,,,,,,,,,,,,,,,,,97.95970917,,,,,,
St. Kitts and Nevis,KNA,"Literacy rate, adult total (% of people ages 15 and above)",SE.ADT.LITR.ZS,,,,,,,,,,,,,,,,,,,,,,,,,,,,,,,,,,,,,,,,,,,,,,,,,,,,,,,,,,,,,,,,,
"Korea, Rep.",KOR,"Literacy rate, adult total (% of people ages 15 and above)",SE.ADT.LITR.ZS,,,,,,,,,,,,,,,,,,,,,,,,,,,,,,,,,,,,,,,,,,,,,,,,,98,,,,,,,,,,98.80000305,,,,,,
Kuwait,KWT,"Literacy rate, adult total (% of people ages 15 and above)",SE.ADT.LITR.ZS,,,,,,,,,,,,,,,,60,,,,,68,,,,,74,,,,,,,,,,78,,,,,,,,,,93,93,94,94,,94,,96,96,,96,,96,96,,96,,,,
Latin America & Caribbean (excluding high income),LAC,"Literacy rate, adult total (% of people ages 15 and above)",SE.ADT.LITR.ZS,,,,,,,,,,,,,,,77.7884903,77.80844879,78.19017792,78.60355377,79.04564667,79.44309235,79.79727173,80.20082092,80.59703827,80.98570251,81.36363983,81.73171997,82.09082031,82.40022278,82.84262848,83.27294922,83.6031723,84.25060272,84.89894867,85.53677368,86.16233063,86.78251648,87.17935181,87.45189667,87.80680847,88.15046692,88.46697235,88.62754059,88.90917206,89.62796783,89.91853333,89.8635788,90.01100159,90.85434723,91.17228699,91.3669281,91.31896973,92.1481781,92.47815704,92.47155762,92.94561768,93.08236694,93.53968811,93.58692932,93.78939819,93.97664642,94.03729248,94.23220062,94.39636993,94.54627228,
Lao PDR,LAO,"Literacy rate, adult total (% of people ages 15 and above)",SE.ADT.LITR.ZS,,,,,,,,,,,,,,,,,,,,,,,,,,,,,,,,,,,,60,,,,,70,69,,,,73,,,,,,58.28794098,,,,85,,,,,,,87.51999664,,
Lebanon,LBN,"Literacy rate, adult total (% of people ages 15 and above)",SE.ADT.LITR.ZS,,,,,,,,,,,,,,,,,,,,,,,,,,,,,,,,,,,,,,,,,,,,,,,,90,,91,,,,,,,,,93,,,,,,
Liberia,LBR,"Literacy rate, adult total (% of people ages 15 and above)",SE.ADT.LITR.ZS,,,,,,,,,,,,,,,,,,,,,,,,,32,,,,,,,,,,,,,,,,,,,,,,,42.94107819,,,,,,,,,,48.30136108,,,,,,,
Libya,LBY,"Literacy rate, adult total (% of people ages 15 and above)",SE.ADT.LITR.ZS,,,,,,,,,,,,,,,,,,,,,,,,,60,,,,,,,,,,76.5,,,,,,,,,,,,,,,,,,,,,,,,,,,,,,
St. Lucia,LCA,"Literacy rate, adult total (% of people ages 15 and above)",SE.ADT.LITR.ZS,,,,,,,,,,,,,,,,,,,,,,,,,,,,,,,,,,,,,,,,,,,,,,,,,,,,,,,,,,,,,,,,,
Latin America & Caribbean,LCN,"Literacy rate, adult total (% of people ages 15 and above)",SE.ADT.LITR.ZS,,,,,,,,,,,,,,,78.71794891,78.73742676,79.08670044,79.48947906,79.92698669,80.32272339,80.67739105,81.07405853,81.46111298,81.84255981,82.21321106,82.57383728,82.92527008,83.21761322,83.70771027,84.14949799,84.46787262,85.06639099,85.6655426,86.25491333,86.83325958,87.40621948,87.7791214,88.04445648,88.39903259,88.71655273,89.0166626,89.17575073,89.44306183,90.09590149,90.37226868,90.33940887,90.54231262,91.39063263,91.68933868,91.8646698,91.78517151,92.49057007,92.79947662,92.78405762,93.28205109,93.42685699,93.86831665,93.89946747,94.08590698,94.25566864,94.31330872,94.49382019,94.64691925,94.79000854,
Least developed countries: UN classification,LDC,"Literacy rate, adult total (% of people ages 15 and above)",SE.ADT.LITR.ZS,,,,,,,,,,,,,,,,,,,,,,40.70085144,40.98870087,41.29700851,41.68323898,42.07923126,42.43841934,42.91675949,43.8821907,44.41593933,44.96332932,45.3817215,45.76271057,46.20132065,47.00368881,47.86016083,48.40901184,49.13523102,50.75037003,51.62556839,52.22270966,52.94176865,53.686409,54.33137894,54.9566803,55.41690826,52.90525055,53.8373909,54.1764183,54.76594925,57.37931061,57.61626816,56.97109985,58.9826889,59.80447006,61.77787018,63.6640892,64.59895325,64.93852997,65.98403931,66.22281647,66.8311615,67.31300354,67.71456909,
Low income,LIC,"Literacy rate, adult total (% of people ages 15 and above)",SE.ADT.LITR.ZS,,,,,,,,,,,,,,,,,,,,,,,,,,,,,46.47354126,46.89374924,47.39165115,47.68230057,47.82184982,48.03084946,48.31108856,48.67599869,49.0426712,49.7333107,50.43019104,50.97880936,51.39865875,52.0471611,52.71640015,53.11349106,53.58198166,53.99721146,52.17990112,53.41815948,54.31401062,54.82347107,55.31972885,57.35871887,57.80881119,58.65501022,59.0708313,59.74245834,60.42670059,61.48361969,61.45404053,61.52846909,61.69004059,62.18141174,62.63246155,63.03852844,
Liechtenstein,LIE,"Literacy rate, adult total (% of people ages 15 and above)",SE.ADT.LITR.ZS,,,,,,,,,,,,,,,,,,,,,,,,,,,,,,,,,,,,,,,,,,,,,,,,,,,,,,,,,,,,,,,,,
Sri Lanka,LKA,"Literacy rate, adult total (% of people ages 15 and above)",SE.ADT.LITR.ZS,,,,,,,,,,,,,,,,,,,,,,87,,,,,,,,,,,,,,,,,,,,91,,,,,91,,91,,91,,,,,,92,92,92,92,92,92,92,,
Lower middle income,LMC,"Literacy rate, adult total (% of people ages 15 and above)",SE.ADT.LITR.ZS,,,,,,,,,,,,,,,,44.26187897,44.36312866,44.89862061,45.4513588,46.00061035,46.53305817,47.06518936,47.63434982,48.12107086,48.72106934,49.32204819,49.83683014,50.71524048,51.40591812,52.10359955,52.80690002,53.51564026,54.40485001,55.26998138,56.08274078,56.85776138,57.6343689,58.41292953,61.84885025,62.59148026,62.80231094,63.52991867,64.24832916,65.29472351,65.99687195,65.78601837,65.76851654,66.29193878,66.94371796,67.63523865,69.5083313,69.80986023,70.25576019,71.1595993,71.89687347,72.98467255,73.73400116,74.26711273,75.07314301,75.24550629,75.88030243,76.48822784,77.0826416,77.63182068,
Low & middle income,LMY,"Literacy rate, adult total (% of people ages 15 and above)",SE.ADT.LITR.ZS,,,,,,,,,,,,,,,,57.99011993,58.15483093,58.48511124,59.24325943,60.05157089,60.80168915,61.53340149,62.24663925,62.93627167,63.7444191,64.46614075,65.14209747,65.97441101,68.04714966,68.67327118,69.35292053,69.86843109,70.44154358,70.98404694,71.50187683,72.03411102,72.54129028,75.08006287,76.60636139,77.03614807,77.2782135,77.68572235,78.11972809,78.71820068,79.13273621,79.14187622,79.09600067,79.80426788,80.25643921,80.53156281,81.33833313,81.58473206,81.82585144,82.20989227,82.63465118,83.10839081,83.50254059,83.72104645,84.05187225,84.17989349,84.42474365,84.65364075,84.93734741,85.17915344,
Lesotho,LSO,"Literacy rate, adult total (% of people ages 15 and above)",SE.ADT.LITR.ZS,,,,,,,,,,,,,,,,,,,,,,,,,,,,,,,,,,,,,,,,,86,,,,,,,,,75.80020142,,,,,76.6352005,,,,86.24086761,,,,82.01000214,,
Late-demographic dividend,LTE,"Literacy rate, adult total (% of people ages 15 and above)",SE.ADT.LITR.ZS,,,,,,,,,,,,,,,,,69.04380798,69.14653015,70.13127136,71.24758911,72.23538208,73.17809296,74.05497742,74.88610077,75.77620697,76.63208771,77.40110779,78.17563629,81.74246979,82.31551361,82.83892822,83.35498047,83.83611298,84.29380798,84.74086761,85.19458771,85.62606812,90.4157486,90.76043701,91.04369354,91.30876923,91.61357117,91.90081024,92.27398682,92.53385162,92.80371857,93.08113861,94.07135773,94.28473663,94.5491333,94.68138123,95.0619812,95.25161743,95.32853699,95.49865723,95.65283203,95.87418365,96.0356369,96.18080902,96.30956268,96.43795013,96.56439972,96.6875,96.80445862,
Lithuania,LTU,"Literacy rate, adult total (% of people ages 15 and above)",SE.ADT.LITR.ZS,,,,,,,,,,,,,,,,,,,,,,,,,,,,,,98,,,,,,,,,,,,100,,,,,,,,,,100,,,,,,,,,,99.83000183,,,
Luxembourg,LUX,"Literacy rate, adult total (% of people ages 15 and above)",SE.ADT.LITR.ZS,,,,,,,,,,,,,,,,,,,,,,,,,,,,,,,,,,,,,,,,,,,,,,,,,,,,,,,,,,,,,,,,,
Latvia,LVA,"Literacy rate, adult total (% of people ages 15 and above)",SE.ADT.LITR.ZS,,,,,,,,,,,,,,,,,,,,,,,,,,,,,,99,,,,,,,,,,,100,,,,,,,,,,,100,,,,,,,,,,99.88999939,,,
"Macao SAR, China",MAC,"Literacy rate, adult total (% of people ages 15 and above)",SE.ADT.LITR.ZS,,,,,,,,,,,,,,,,,,,,,,90,,,,,,,,,,,,,,,,,,,,91,,,,,93,,,,,96,,,,,97,,,,,97.11000061,,,
St. Martin (French part),MAF,"Literacy rate, adult total (% of people ages 15 and above)",SE.ADT.LITR.ZS,,,,,,,,,,,,,,,,,,,,,,,,,,,,,,,,,,,,,,,,,,,,,,,,,,,,,,,,,,,,,,,,,
Morocco,MAR,"Literacy rate, adult total (% of people ages 15 and above)",SE.ADT.LITR.ZS,,,,,,,,,,,,,,,,,,,,,,,30,,,,,,,,,,,,42,,,,,,,,,,52,,,,55,56,,67,69,,76,,,,,,,,77.34999847,,
Monaco,MCO,"Literacy rate, adult total (% of people ages 15 and above)",SE.ADT.LITR.ZS,,,,,,,,,,,,,,,,,,,,,,,,,,,,,,,,,,,,,,,,,,,,,,,,,,,,,,,,,,,,,,,,,
Moldova,MDA,"Literacy rate, adult total (% of people ages 15 and above)",SE.ADT.LITR.ZS,,,,,,,,,,,,,,,,,,,,,,,,,,,,,,96,,,,,,,,,,,97,,,,,,,,,,,,,,99,,,,,,,99.59999847,,,
Madagascar,MDG,"Literacy rate, adult total (% of people ages 15 and above)",SE.ADT.LITR.ZS,,,,,,,,,,,,,,,,,,,,,,,,,,,,,,,,,,,,,,,,,71,,,,,59,,,,64.48091125,,,72,,,,,,77,,,74.68614197,77.48000336,,
Maldives,MDV,"Literacy rate, adult total (% of people ages 15 and above)",SE.ADT.LITR.ZS,,,,,,,,,,,,,,,,,,82,,,,,,,,92,,,,,96,,,,,96,,,,,96,,,,,,98,,,,,,,,99,,98,94.50550842,,98.21186066,,97.86000061,,,
Middle East & North Africa,MEA,"Literacy rate, adult total (% of people ages 15 and above)",SE.ADT.LITR.ZS,,,,,,,,,,,,,,,43.99972153,44.49103165,44.99967957,45.55852127,46.21683884,46.89799118,47.65433884,48.4163208,49.33712006,50.03417969,50.99546051,51.9450798,52.8956604,53.8265419,54.84006882,55.84550858,58.23571014,59.42650986,60.52204895,61.38713837,62.34870911,63.82514191,64.9606781,66.06362152,67.26732635,68.36743927,69.40158844,70.5324173,71.56455994,74.12705994,74.96322632,75.5710907,74.59211731,75.36997986,77.08521271,76.0182724,76.60938263,77.32386017,77.9977417,78.60816956,78.98551178,79.63973999,78.47634888,78.92874146,79.2567215,79.55386353,79.89576721,80.30119324,80.61109924,80.94914246,
Mexico,MEX,"Literacy rate, adult total (% of people ages 15 and above)",SE.ADT.LITR.ZS,,,,,,,,,,,,,,,,,,,,,83,,,,,,,,,,88,,,,,,,,,,91,,90,,91,92,92,93,93,93,93,94,94,94,95,94,95,95,95,,95,,,,
Marshall Islands,MHL,"Literacy rate, adult total (% of people ages 15 and above)",SE.ADT.LITR.ZS,,,,,,,,,,,,,,,,,,,,,,,,,,,,,,,,,,,,,,,,,,,,,,,,,,,,98,,,,,,,,,,,,,
Middle income,MIC,"Literacy rate, adult total (% of people ages 15 and above)",SE.ADT.LITR.ZS,,,,,,,,,,,,,,,,58.92092896,59.08536148,59.42155838,60.21147156,61.05474091,61.83565903,62.59563065,63.3356781,64.04879761,64.88832855,65.63500214,66.33724976,67.19151306,69.37020874,70.00895691,70.69976044,71.22914886,71.83592224,72.41555786,72.96025085,73.51708221,74.04509735,76.71141815,78.29853821,78.7332077,78.97722626,79.38092041,79.81482697,80.44843292,80.87950897,80.87993622,80.98056793,81.68251801,82.13009644,82.41629028,83.27523804,83.41603088,83.67212677,84.04508972,84.49078369,84.97399139,85.37055206,85.5535965,85.94582367,86.1155777,86.40705109,86.65189362,86.95844269,87.22839355,
North Macedonia,MKD,"Literacy rate, adult total (% of people ages 15 and above)",SE.ADT.LITR.ZS,,,,,,,,,,,,,,,,,,,,,,,,,,,,,,,,,,,94,,,,,,,,96,,,,,,,,,,97.59999847,,,,,,,,,,,,
Mali,MLI,"Literacy rate, adult total (% of people ages 15 and above)",SE.ADT.LITR.ZS,,,,,,,,,,,,,,,,,9,,,,,,,,,,,,,,,,,,,,,,19,,,,,24,,,26,,,,31,31,,,,33,,,35,,31,,,,
Malta,MLT,"Literacy rate, adult total (% of people ages 15 and above)",SE.ADT.LITR.ZS,,,,,,,,,,,,,,,,,,,,,,,,,,87,,,,,,,,,,88,,,,,,,,,,92,,,,,,93,,,,,,,,,,94.94000244,,,
Myanmar,MMR,"Literacy rate, adult total (% of people ages 15 and above)",SE.ADT.LITR.ZS,,,,,,,,,,,,,,,,,,,,,,,,79,,,,,,,,,,,,,,,,,90,,,,,,,,,,,,,,,,75.55120087,,,89,,,,,
Middle East & North Africa (excluding high income),MNA,"Literacy rate, adult total (% of people ages 15 and above)",SE.ADT.LITR.ZS,,,,,,,,,,,,,39.62331009,40.10052872,40.58827972,41.12541962,41.68489075,42.28366852,42.99940109,43.72542953,44.55873871,45.40118027,46.32601166,47.09122849,48.12968063,49.18339157,50.23834991,51.26988983,52.2937088,53.31335831,55.90718842,57.24118042,58.35110092,59.20285034,60.14149857,61.67876816,62.84115982,63.96881104,65.14228821,66.26416779,67.30856323,68.49597931,69.51495361,72.4437027,73.31783295,73.94255829,72.68019867,73.38842773,75.16887665,73.71089172,74.23410034,74.53671265,75.32568359,76.03752136,76.32826233,76.94367981,75.46948242,75.92513275,76.31310272,76.7212677,77.06096649,77.46595001,77.89485931,78.25939178,
Montenegro,MNE,"Literacy rate, adult total (% of people ages 15 and above)",SE.ADT.LITR.ZS,,,,,,,,,,,,,,,,,,,,,,90,,,,,,,,,,93,,,,,,,,,,,,98,,,,,,,,98,,,,,,,98.53440094,,,98.98000336,,,
Mongolia,MNG,"Literacy rate, adult total (% of people ages 15 and above)",SE.ADT.LITR.ZS,,,,,,,,,,,,,,,,,,,,,,,,,,,,,,,,,,,,,,,,,98,,,,,,,,,,98,,,,,,,,96.89634705,,99,,,,
Northern Mariana Islands,MNP,"Literacy rate, adult total (% of people ages 15 and above)",SE.ADT.LITR.ZS,,,,,,,,,,,,,,,,,,,,,,,,,,,,,,,,,,,,,,,,,,,,,,,,,,,,,,,,,,,,,,,,,
Mozambique,MOZ,"Literacy rate, adult total (% of people ages 15 and above)",SE.ADT.LITR.ZS,,,,,,,,,,,,,,,,,,,,,27,,,,,,,,,,,,,,,,,39,,,,,,48,,,,,,51,,,,,,56,,61,,,60,,,,
Mauritania,MRT,"Literacy rate, adult total (% of people ages 15 and above)",SE.ADT.LITR.ZS,,,,,,,,,,,,,,,,,,,,,,,,,,,,,,,,,,,,,,,,,51,,,,,,,45.50378036,,,,,,62,,65.1120224,,,,,59.52965927,66.95999908,,,
Mauritius,MUS,"Literacy rate, adult total (% of people ages 15 and above)",SE.ADT.LITR.ZS,,,,,,,,,,,,,,,,,,,,,,,,,,,,,,,80,,,,,,,,,,84,,,,,,,,,,,89,92,91,92,93,93,,,,,92.15000153,,,
Malawi,MWI,"Literacy rate, adult total (% of people ages 15 and above)",SE.ADT.LITR.ZS,,,,,,,,,,,,,,,,,,,,,,,,,,,,49,,,,,,,,,,,64,,,,,,,,,,,,61.30971909,,,,65.14537048,62.14353943,,,,,70.15226746,,68.08000183,,
Malaysia,MYS,"Literacy rate, adult total (% of people ages 15 and above)",SE.ADT.LITR.ZS,,,,,,,,,,,,,,,,,,,,,70,,,,,,,,,,,83,,,,,,,,,,,,,,,,,,,93,,,,,,95,95,95,95,,,96,,
North America,NAC,"Literacy rate, adult total (% of people ages 15 and above)",SE.ADT.LITR.ZS,,,,,,,,,,,,,,,,,,,,,,,,,,,,,,,,,,,,,,,,,,,,98.61991882,98.63156128,98.64237213,98.6569519,98.66642761,98.68657684,,,,,,,,,98.753479,98.75978851,98.76516724,98.77028656,98.77716827,98.77941132,,
Namibia,NAM,"Literacy rate, adult total (% of people ages 15 and above)",SE.ADT.LITR.ZS,,,,,,,,,,,,,,,,,,,,,,,,,,,,,,,,76,,,,,,,,,,85,,,,,,76.48658752,,,,88,,,,,,,,,,92.25,,,
New Caledonia,NCL,"Literacy rate, adult total (% of people ages 15 and above)",SE.ADT.LITR.ZS,,,,,,,,,,,,,,,,,91,,,,,,,,,,,,,93,,,,,,,96,,,,,,,,,,97.30000305,,,,,,,,,,,,,,,,,,
Niger,NER,"Literacy rate, adult total (% of people ages 15 and above)",SE.ADT.LITR.ZS,,,,,,,,,,,,,,,,,,,,,,,,,,,,,,,,,,,,,,,,,,14,,,,29,,,,,,,31,,,,,,,,,,38.09999847,,
Nigeria,NGA,"Literacy rate, adult total (% of people ages 15 and above)",SE.ADT.LITR.ZS,,,,,,,,,,,,,,,,,,,,,,,,,,,,,,,,55,,,,,,,,,,,,55,,,70,,51.07765961,,,,,,,,58.22134018,,62.01601028,,,63.15554047,,,
Nicaragua,NIC,"Literacy rate, adult total (% of people ages 15 and above)",SE.ADT.LITR.ZS,,,,,,,,,,,,,,,,,,,,,,,,,,,,,,,,,,,,,,,,,,77,,,,78,,,,,,,,,,82.61454773,,,,,,,,,
Netherlands,NLD,"Literacy rate, adult total (% of people ages 15 and above)",SE.ADT.LITR.ZS,,,,,,,,,,,,,,,,,,,,,,,,,,,,,,,,,,,,,,,,,,,,,,,,,,,,,,,,,,,,,,,,,
Norway,NOR,"Literacy rate, adult total (% of people ages 15 and above)",SE.ADT.LITR.ZS,,,,,,,,,,,,,,,,,,,,,,,,,,,,,,,,,,,,,,,,,,,,,,,,,,,,,,,,,,,,,,,,,
Nepal,NPL,"Literacy rate, adult total (% of people ages 15 and above)",SE.ADT.LITR.ZS,,,,,,,,,,,,,,,,,,,,,,21,,,,,,,,,,33,,,,,,,,,,49,,,,,,,,,,60,,,,,65.50100708,,,68.71250153,,71.15000153,,,
Nauru,NRU,"Literacy rate, adult total (% of people ages 15 and above)",SE.ADT.LITR.ZS,,,,,,,,,,,,,,,,,,,,,,,,,,,,,,,,,,,,,,,,,,,,,,,,,,,,,,,,,,,,,,,,,
New Zealand,NZL,"Literacy rate, adult total (% of people ages 15 and above)",SE.ADT.LITR.ZS,,,,,,,,,,,,,,,,,,,,,,,,,,,,,,,,,,,,,,,,,,,,,,,,,,,,,,,,,,,,,,,,,
OECD members,OED,"Literacy rate, adult total (% of people ages 15 and above)",SE.ADT.LITR.ZS,,,,,,,,,,,,,,,,,,,,,,,,,,,,,,,,,,,,,,,,,,,,,,,,,,,,,,,,,,,,,97.1789093,,,,
Oman,OMN,"Literacy rate, adult total (% of people ages 15 and above)",SE.ADT.LITR.ZS,,,,,,,,,,,,,,,,,,,,,,,,,,,,,,,,,,,,,,,,,,,,81,,,,,87,,87,,,,,93,,96,96,,,,97,,
Other small states,OSS,"Literacy rate, adult total (% of people ages 15 and above)",SE.ADT.LITR.ZS,,,,,,,,,,,,,,,,,,,,,,,,,71.22972107,71.54647827,71.91706848,72.45153046,73.11717987,73.78050995,74.34391022,74.73352814,75.04105377,75.48959351,75.8307724,76.22241974,76.81746674,77.31820679,78.09474945,78.61190796,78.68463898,79.17243958,79.89156342,80.48708344,81.04296112,81.61984253,81.13276672,80.58760071,81.33493042,80.81027222,81.61316681,82.10330963,82.50550842,82.93405151,83.35270691,84.14009857,84.58422089,84.98207855,85.29360962,85.54016876,85.77159119,85.909729,86.01009369,86.25975037,
Pakistan,PAK,"Literacy rate, adult total (% of people ages 15 and above)",SE.ADT.LITR.ZS,,,,,,,,,,,,,,,,,,,,,,26,,,,,,,,,,,,,,,,,43,,,,,,,50,54,52,56,55,55,55,57,56,57,,,59,57,58,,,,,
Panama,PAN,"Literacy rate, adult total (% of people ages 15 and above)",SE.ADT.LITR.ZS,,,,,,,,,,,,,,,,,,,,,88,,,,,,,,,,89,,,,,,,,,,92,,,,,,,,,,94,,,,,,,,95,96,,,,,
Peru,PER,"Literacy rate, adult total (% of people ages 15 and above)",SE.ADT.LITR.ZS,,,,,,,,,,,,,,,,,,,,,,82,,,,,,,,,,,,87,,,,,,,,,,,88,88,89,90,,,,,94,,94,94,94,94,94,,94,,,,
Philippines,PHL,"Literacy rate, adult total (% of people ages 15 and above)",SE.ADT.LITR.ZS,,,,,,,,,,,,,,,,,,,,,83,,,,,,,,,,94,,,,94,,,,,,93,,,93,,,,,95,,,,,96,,98,,,,96,98,,,,
Palau,PLW,"Literacy rate, adult total (% of people ages 15 and above)",SE.ADT.LITR.ZS,,,,,,,,,,,,,,,,,,,,,92,,,,,,,,,,,,,,,,,,,,,,,,,,,,,,,,,100,,97,,,,,,,,,
Papua New Guinea,PNG,"Literacy rate, adult total (% of people ages 15 and above)",SE.ADT.LITR.ZS,,,,,,,,,,,,,,,,,,,,,,,,,,,,,,,,,,,,,,,,,57,,,,,,,,,,61.59999847,,,,,,,70.06368256,,,,,,,
Poland,POL,"Literacy rate, adult total (% of people ages 15 and above)",SE.ADT.LITR.ZS,,,,,,,,,,,,,,,,,,,99,,,,,,,,,,99.30000305,,,,,,,,,,,,,,,,,,,,,,,,,,,,,,,,,99.80000305,,,
Pre-demographic dividend,PRE,"Literacy rate, adult total (% of people ages 15 and above)",SE.ADT.LITR.ZS,,,,,,,,,,,,,,,,,,,,,,,,,,,48.6153183,49.32678986,49.90282059,50.56497955,51.1485405,51.64096832,52.13043976,52.64649963,53.25341034,53.67150879,54.3509407,55.22483063,55.89315033,56.81417847,55.32889175,56.23178101,57.09481812,57.57241821,58.13471985,57.69998169,56.53968811,55.42623138,55.72735977,54.55514145,55.26644897,56.96166992,58.28786087,59.20980072,59.8719101,60.47603989,61.07239914,62.14514923,63.77333832,63.98616028,64.26683807,64.72286987,65.18647766,65.57189941,
Puerto Rico,PRI,"Literacy rate, adult total (% of people ages 15 and above)",SE.ADT.LITR.ZS,,,,,,,,,,,,,,,,,,,,,87,,,,,,,,,,90,,,,,,,,,,,,,,,,,,,,92,,,,,,,92,,,,92.40000153,,,
"Korea, Dem. People's Rep.",PRK,"Literacy rate, adult total (% of people ages 15 and above)",SE.ADT.LITR.ZS,,,,,,,,,,,,,,,,,,,,,,,,,,,,,,,,,,,,,,,,,,,,,,,,,100,,,,,,,,,,99.99819183,,,,,,
Portugal,PRT,"Literacy rate, adult total (% of people ages 15 and above)",SE.ADT.LITR.ZS,,,,,,,,,,,,,,,,,,,,,,79,,,,,,,,,,88,,,,,,,,,,,,,,,,,,,,94,,,,,,,,,,96.77999878,,,
Paraguay,PRY,"Literacy rate, adult total (% of people ages 15 and above)",SE.ADT.LITR.ZS,,,,,,,,,,,,,,,,,,,,,,,78,,,,,,,,,,90,,,,,,,,,,,,,,,95,93,94,94,,94,95,95,96,95,,94,93,95,,,,
West Bank and Gaza,PSE,"Literacy rate, adult total (% of people ages 15 and above)",SE.ADT.LITR.ZS,,,,,,,,,,,,,,,,,,,,,,,,,,,,,,,,,,,,,,86,,,,,,,92,,93,94,94,94,95,95,96,96,96,96,97,97,97,97,98,,98,,
Pacific island small states,PSS,"Literacy rate, adult total (% of people ages 15 and above)",SE.ADT.LITR.ZS,,,,,,,,,,,,,,,,,,,,,,,,,,,,,,,,,,,,,,,,,,,,,,,,,,,,,,,,,,,,,,,,,
Post-demographic dividend,PST,"Literacy rate, adult total (% of people ages 15 and above)",SE.ADT.LITR.ZS,,,,,,,,,,,,,,,,,,,,,,,,,,,,,,,,,,,,,,,,,,,,,,,,,,,,,,,,,,,,,,,,,
French Polynesia,PYF,"Literacy rate, adult total (% of people ages 15 and above)",SE.ADT.LITR.ZS,,,,,,,,,,,,,,,,,,,,,,,,,,,,,,,,,,,,,,,,,,,,,,,,,,,,,,,,,,,,,,,,,
Qatar,QAT,"Literacy rate, adult total (% of people ages 15 and above)",SE.ADT.LITR.ZS,,,,,,,,,,,,,,,,,,,,,,,,,,,76,,,,,,,,,,,83,,,,,,,89,,,93,94,95,96,96,97,97,98,,,,,,,,,,
Romania,ROU,"Literacy rate, adult total (% of people ages 15 and above)",SE.ADT.LITR.ZS,,,,,,,,,,,,,,,,,,,,,,,,,,,,,,,,,97,,,,,,,,,,97,,,,,,,,,99,,,,,,,,,,99,,,
Russian Federation,RUS,"Literacy rate, adult total (% of people ages 15 and above)",SE.ADT.LITR.ZS,,,,,,,,,,,,,,,,,,,,,,,,,,,,,,98,,,,,,,,,,,,,99,,,,,,,,100,,,,,,,,,,,100,,,
Rwanda,RWA,"Literacy rate, adult total (% of people ages 15 and above)",SE.ADT.LITR.ZS,,,,,,,,,,,,,,,,,,,38,,,,,,,,,,,,,58,,,,,,,,,65,,,,,,,,,,65.85227203,,68,,71,,,,73,,80.05085754,,79,,
South Asia,SAS,"Literacy rate, adult total (% of people ages 15 and above)",SE.ADT.LITR.ZS,,,,,,,,,,,,,,,,36.03934097,36.04425049,36.6957283,37.34392166,37.98553848,38.59590149,39.17633057,39.82555008,40.47922134,41.13370132,41.78567123,42.44036865,43.09804916,43.84537125,44.61243057,45.35921097,46.08563995,47.08633041,48.08145905,48.84938049,49.64049149,50.44919968,51.26016998,56.07955933,56.87630844,57.65058136,58.41305923,59.20312881,60.09577942,60.87617111,60.67367172,60.8487587,61.68392181,62.59629822,63.45801163,66.02896118,66.62985992,66.67658997,67.70575714,68.45516205,69.78215027,71.10578156,71.66783142,72.19206238,71.96602631,72.68318939,73.47901154,74.26526642,75.0088501,
Saudi Arabia,SAU,"Literacy rate, adult total (% of people ages 15 and above)",SE.ADT.LITR.ZS,,,,,,,,,,,,,,,,,,,,,,,,,,,,,,,,,71,,,,,,,,79,,,,83,,,,,,,,,94,,,,95,,,98,,,,
Sudan,SDN,"Literacy rate, adult total (% of people ages 15 and above)",SE.ADT.LITR.ZS,,,,,,,,,,,,,,,,,,,,,,,,,,,,,,,,,,,,,,,,,61,,,,,,,,54,,,,,,,,,,60.6971817,,,,,,
Senegal,SEN,"Literacy rate, adult total (% of people ages 15 and above)",SE.ADT.LITR.ZS,,,,,,,,,,,,,,,,,,,,,,,,,,,,,27,,,,,,,,,,,,,,39,,,,42,,,48,,52,,44,,43.59273148,46.09963989,52,46.60591125,46.83367157,,,57.66999817,,
Singapore,SGP,"Literacy rate, adult total (% of people ages 15 and above)",SE.ADT.LITR.ZS,,,,,,,,,,,,,,,,,,,,,83,,,,,,,,,,89,,,,,,,,,,93,,,,,,,,,,96,96,96,97,97,97,97,97,97,97,97,98,,,
Solomon Islands,SLB,"Literacy rate, adult total (% of people ages 15 and above)",SE.ADT.LITR.ZS,,,,,,,,,,,,,,,,,,,,,,,,,,,,,,,,,,,,,,,,77,,,,,,,,,,,,,,,,,,,,,,,,,
Sierra Leone,SLE,"Literacy rate, adult total (% of people ages 15 and above)",SE.ADT.LITR.ZS,,,,,,,,,,,,,,,,,,,,,,,,,,,,,,,,,,,,,,,,,,,,,35,,,,,,,,,32.42617035,,,,44.83317947,,43.57778168,,,48.63999939,,
El Salvador,SLV,"Literacy rate, adult total (% of people ages 15 and above)",SE.ADT.LITR.ZS,,,,,,,,,,,,,,,,,,,,,,,,,,,,,,,,,74,,,,,,,,,,,,,,84,82,84,84,84,85,,87,,88,88,88,89,89,90,,,90,
San Marino,SMR,"Literacy rate, adult total (% of people ages 15 and above)",SE.ADT.LITR.ZS,,,,,,,,,,,,,,,,,,,,,,,,,,,,,,,,,,,,,,,,,,,,,,,,,,,,,,,,,,,,,,,100,,
Somalia,SOM,"Literacy rate, adult total (% of people ages 15 and above)",SE.ADT.LITR.ZS,,,,,,,,,,,,,5.404650211,,,,,,,,,,,,,,,,,,,,,,,,,,,,,,,,,,,,,,,,,,,,,,,,,,54,,
Serbia,SRB,"Literacy rate, adult total (% of people ages 15 and above)",SE.ADT.LITR.ZS,,,,,,,,,,,,,,,,,,,,,,,,,,,,,,,,,,,,,,,,,,,,96,,,,,,,,98,,,,,99,,,99,,,,,
Sub-Saharan Africa (excluding high income),SSA,"Literacy rate, adult total (% of people ages 15 and above)",SE.ADT.LITR.ZS,,,,,,,,,,,,,,,,,,,,,,,,,,49.66851044,49.98936081,50.61877823,51.13262939,51.67388153,52.30115128,52.64590836,53.11983109,53.70127869,54.30374908,54.71612167,55.37276077,56.21297836,56.88634872,57.74010086,56.62213135,57.39482117,58.11067963,58.64075089,59.32826996,59.05170059,58.16289139,57.95812988,58.28050995,58.75204086,59.4275589,60.91238022,62.14141846,62.99195862,63.68292999,64.28331757,64.87419128,65.22631836,66.81282806,67.43804169,67.62024689,67.61219788,67.93235779,68.19297791,
South Sudan,SSD,"Literacy rate, adult total (% of people ages 15 and above)",SE.ADT.LITR.ZS,,,,,,,,,,,,,,,,,,,,,,,,,,,,,,,,,,,,,,,,,,,,,,,,,27,,,,,,,,,,34.52275848,,,,,,
Sub-Saharan Africa,SSF,"Literacy rate, adult total (% of people ages 15 and above)",SE.ADT.LITR.ZS,,,,,,,,,,,,,,,,,,,,,,,,,,49.67414856,49.99504852,50.62445831,51.13832855,51.67958832,52.30686188,52.65164185,53.12543869,53.70679855,54.30921173,54.72154999,55.37812042,56.21823883,56.89160919,57.74525833,56.62754822,57.40013885,58.11590958,58.64590073,59.33332062,59.0567894,58.16810989,57.96337891,58.28564835,58.7571106,59.43254089,60.91714096,62.14601135,62.99641037,63.6872406,64.28751373,64.87825775,65.2303009,66.81656647,67.44165039,67.62378693,67.61567688,67.93572998,68.19624329,
Small states,SST,"Literacy rate, adult total (% of people ages 15 and above)",SE.ADT.LITR.ZS,,,,,,,,,,,,,,,,,,,,,,,,,,,,76.59896088,77.08329773,77.56575775,77.97901917,78.23251343,78.44293213,78.77449036,79.01834106,79.36514282,79.85037994,80.26954651,80.8795166,81.30793762,81.4542923,81.86342621,82.4238205,82.89437866,83.33364105,83.78720093,83.45960236,83.16928864,83.72524261,83.35756683,83.91326141,84.27381134,84.5370636,84.8219223,85.118927,85.68604279,86.0087738,86.30052185,86.53237915,86.74028778,86.90699768,87.02258301,87.10311127,87.28028107,
Sao Tome and Principe,STP,"Literacy rate, adult total (% of people ages 15 and above)",SE.ADT.LITR.ZS,,,,,,,,,,,,,,,,,,,,,,57,,,,,,,,,,73,,,,,,,,,,85,,,,,,,69.53639221,,,,90,,,,,,,87.4384613,,,93.75,,
Suriname,SUR,"Literacy rate, adult total (% of people ages 15 and above)",SE.ADT.LITR.ZS,,,,,,,,,,,,,,,,,,,,,,,,,,,,,,,,,,,,,,,,,,,,,90,,,,95,,95,,93,,,,,,,,,95,,,
Slovak Republic,SVK,"Literacy rate, adult total (% of people ages 15 and above)",SE.ADT.LITR.ZS,,,,,,,,,,,,,,,,,,,,,,,,,,,,,,,,,,,,,,,,,,,,,,,,,,,,,,,,,,,,,,,,,
Slovenia,SVN,"Literacy rate, adult total (% of people ages 15 and above)",SE.ADT.LITR.ZS,,,,,,,,,,,,,,,,,,,,,,,,,,,,,,,,100,,,,,,,,,,99.59999847,,,,,,,,,,,,,,,,,,,,,,,
Sweden,SWE,"Literacy rate, adult total (% of people ages 15 and above)",SE.ADT.LITR.ZS,,,,,,,,,,,,,,,,,,,,,,,,,,,,,,,,,,,,,,,,,,,,,,,,,,,,,,,,,,,,,,,,,
Eswatini,SWZ,"Literacy rate, adult total (% of people ages 15 and above)",SE.ADT.LITR.ZS,,,,,,,,,,,,,,,,,55,,,,,,,,,,67,,,,,,,,,,,,,,82,,,,,,,,,,83.09828949,,,,,,,,,,89.27999878,,90.74701691,,
Sint Maarten (Dutch part),SXM,"Literacy rate, adult total (% of people ages 15 and above)",SE.ADT.LITR.ZS,,,,,,,,,,,,,,,,,,,,,,,,,,,,,,,,,,,,,,,,,,,,,,,,,,,,,,,,,,,,,,,,,
Seychelles,SYC,"Literacy rate, adult total (% of people ages 15 and above)",SE.ADT.LITR.ZS,,,,,,,,,,,,,,,,,,,,,,,,,,,,84,,,,,,,88,,,,,,,,92,,,,,,,,94,,,,,,,,,,96.19999695,,,,
Syrian Arab Republic,SYR,"Literacy rate, adult total (% of people ages 15 and above)",SE.ADT.LITR.ZS,,,,,,,,,,,,,,,,,,,,,,56,,,,,,,,,,,,,,,,,,,,,83,,81,,,,,,,,,,86.30000305,,,,,,,94,,,
Turks and Caicos Islands,TCA,"Literacy rate, adult total (% of people ages 15 and above)",SE.ADT.LITR.ZS,,,,,,,,,,,,,,,,,,,,,,,,,,,,,,,,,,,,,,,,,,,,,,,,,,,,,,,,,,,,,,,,,
Chad,TCD,"Literacy rate, adult total (% of people ages 15 and above)",SE.ADT.LITR.ZS,,,,,,,,,,,,,,,,,,,,,,,,,,,,,,,,,,11,,,,,,,26,,,,28,,,,,,,,,,,26.00299072,22,,,30.62792015,,,27.28000069,,
East Asia & Pacific (IDA & IBRD countries),TEA,"Literacy rate, adult total (% of people ages 15 and above)",SE.ADT.LITR.ZS,,,,,,,,,,,,,,,,,63.1921196,63.35945129,64.56790161,65.94402313,67.16560364,68.32592773,69.39804077,70.42684174,71.52168274,72.55986786,73.49314117,74.74855042,79.0273819,79.71865082,80.35665894,80.94676208,81.50932312,82.02114868,82.60832214,83.20172882,83.72646332,89.38498688,89.77194977,90.07312775,90.45250702,90.79457092,91.14411926,91.49603271,91.81237793,92.13746643,92.49292755,93.70976257,94.01355743,94.29556274,94.47676849,94.1638031,94.39151001,94.50080872,94.92904663,95.13800812,95.34355927,95.53604889,95.57713318,95.99716187,96.22167206,96.36141968,96.50356293,96.63619232,
Europe & Central Asia (IDA & IBRD countries),TEC,"Literacy rate, adult total (% of people ages 15 and above)",SE.ADT.LITR.ZS,,,,,,,,,,,,,,,,,,,,,,,,94.30168152,95.02438354,95.19098663,95.35749817,95.52458954,95.70202637,95.80695343,95.96430969,96.0841217,96.20004272,96.30950165,96.4152832,96.52011871,96.67812347,96.77787018,97.0630722,97.1244812,97.2419281,97.32436371,97.40515137,97.48059082,97.54106903,97.67980194,97.63809967,97.72180176,97.8286972,98.27427673,98.54540253,98.75524139,98.87976837,98.92591095,98.96221924,98.99674225,99.0506897,99.11125183,99.21199036,99.28002167,99.30409241,99.33437347,99.35745239,99.38118744,
Togo,TGO,"Literacy rate, adult total (% of people ages 15 and above)",SE.ADT.LITR.ZS,,,,,,,,,,,,,,,,,,,,,,,,,,,,,,,,,,,,,,,,,53,,,,,,57,,,57,,60,,,,64,,,,67,,,,,
Thailand,THA,"Literacy rate, adult total (% of people ages 15 and above)",SE.ADT.LITR.ZS,,,,,,,,,,,,,,,,,,,,,88,,,,,,,,,,,,,,,,,,,,93,,,,,94,,,,,96,,,94,,93,91.98139954,,94,91.26914978,,94.09999847,91.09986877,,
Tajikistan,TJK,"Literacy rate, adult total (% of people ages 15 and above)",SE.ADT.LITR.ZS,,,,,,,,,,,,,,,,,,,,,,,,,,,,,,98,,,,,,,,,,,99,,,,,,,,,,99.69999695,,,,,,,,,,,,,,
Turkmenistan,TKM,"Literacy rate, adult total (% of people ages 15 and above)",SE.ADT.LITR.ZS,,,,,,,,,,,,,,,,,,,,,,,,,,,,,,,,,,,,99,,,,,,,,,,99.40000153,,,,,,,,,,,,,,,,,,,
Latin America & the Caribbean (IDA & IBRD countries),TLA,"Literacy rate, adult total (% of people ages 15 and above)",SE.ADT.LITR.ZS,,,,,,,,,,,,,,,78.03568268,78.05593872,78.41690826,78.83381653,79.28690338,79.69650269,80.06337738,80.47383881,80.87068939,81.26187134,81.64190674,82.01157379,82.37167358,82.66694641,83.17288208,83.62866974,83.95597839,84.58075714,85.20652771,85.82234192,86.42671967,87.02545929,87.4157486,87.69406128,88.06699371,88.40065765,88.71608734,88.88371277,89.16313934,89.84120941,90.12899017,90.09660339,90.30806732,91.18556976,91.49494934,91.68049622,91.59958649,92.32820892,92.64749146,92.63231659,93.14588928,93.29805756,93.75376129,93.78692627,93.97975159,94.15543365,94.21556091,94.40235901,94.56125641,94.70938873,
Timor-Leste,TLS,"Literacy rate, adult total (% of people ages 15 and above)",SE.ADT.LITR.ZS,,,,,,,,,,,,,,,,,,,,,,,,,,,,,,,,,,,,,,,,,,38,,,,,,51,,,58,,,,,,65.77912903,,,,69.90000153,,,,
Middle East & North Africa (IDA & IBRD countries),TMN,"Literacy rate, adult total (% of people ages 15 and above)",SE.ADT.LITR.ZS,,,,,,,,,,,,,39.25675964,39.73791885,40.22972107,40.77130127,41.3354187,41.93915176,42.66082001,43.39286041,44.23307037,45.08248901,46.01499176,46.78654861,47.83359909,48.8960495,49.95973969,50.99982834,52.0321312,53.06023026,55.67554855,57.0196991,58.13645172,58.9858017,59.92174149,61.46332169,62.62709045,63.75635147,64.93244171,66.05860138,67.10671997,68.29936981,69.30532074,72.25666809,73.13498688,73.76139069,72.48091888,73.19225311,74.98503113,73.50713348,74.03082275,74.3316803,75.11988831,75.8332901,76.12332916,76.74092865,75.24681091,75.70304108,76.09047699,76.4992218,76.84126282,77.24706268,77.6759491,78.04084015,
Tonga,TON,"Literacy rate, adult total (% of people ages 15 and above)",SE.ADT.LITR.ZS,,,,,,,,,,,,,,,,,100,,,,,,,,,,,,,,,,,,,,99,,,,,,,,,,99,,,,,99,,,,,,,,91.05162048,,99.40000153,,,
South Asia (IDA & IBRD),TSA,"Literacy rate, adult total (% of people ages 15 and above)",SE.ADT.LITR.ZS,,,,,,,,,,,,,,,,36.03934097,36.04425049,36.6957283,37.34392166,37.98553848,38.59590149,39.17633057,39.82555008,40.47922134,41.13370132,41.78567123,42.44036865,43.09804916,43.84537125,44.61243057,45.35921097,46.08563995,47.08633041,48.08145905,48.84938049,49.64049149,50.44919968,51.26016998,56.07955933,56.87630844,57.65058136,58.41305923,59.20312881,60.09577942,60.87617111,60.67367172,60.8487587,61.68392181,62.59629822,63.45801163,66.02896118,66.62985992,66.67658997,67.70575714,68.45516205,69.78215027,71.10578156,71.66783142,72.19206238,71.96602631,72.68318939,73.47901154,74.26526642,75.0088501,
Sub-Saharan Africa (IDA & IBRD countries),TSS,"Literacy rate, adult total (% of people ages 15 and above)",SE.ADT.LITR.ZS,,,,,,,,,,,,,,,,,,,,,,,,,,49.67414856,49.99504852,50.62445831,51.13832855,51.67958832,52.30686188,52.65164185,53.12543869,53.70679855,54.30921173,54.72154999,55.37812042,56.21823883,56.89160919,57.74525833,56.62754822,57.40013885,58.11590958,58.64590073,59.33332062,59.0567894,58.16810989,57.96337891,58.28564835,58.7571106,59.43254089,60.91714096,62.14601135,62.99641037,63.6872406,64.28751373,64.87825775,65.2303009,66.81656647,67.44165039,67.62378693,67.61567688,67.93572998,68.19624329,
Trinidad and Tobago,TTO,"Literacy rate, adult total (% of people ages 15 and above)",SE.ADT.LITR.ZS,,,,,,,,,,,,,,,,,,,,,95,,,,,,,,,,97,,,,,,,,,,97.90000153,,,,,,,,,,,,,,,,,,,,,,,,
Tunisia,TUN,"Literacy rate, adult total (% of people ages 15 and above)",SE.ADT.LITR.ZS,,,,,,,,,,,,,,,,,,,,,,,,,48,,,,,,,,,,,,,,,,,,,,74,,,77,78,,79,80,80,,79,,,,79.47511292,81,,,85.21492767,,
Turkiye,TUR,"Literacy rate, adult total (% of people ages 15 and above)",SE.ADT.LITR.ZS,,,,,,,,,,,,,,,,62,,,,,66,,,,,76,,,,,79,,,,,,,,,,,,,,87,88,88,89,,91,93,94,95,95,95,96,96,96,,97,,,,,
Tuvalu,TUV,"Literacy rate, adult total (% of people ages 15 and above)",SE.ADT.LITR.ZS,,,,,,,,,,,,,,,,,,,,,,,,,,,,,,,,,,,,,,,,,,,,,,,,,,,,,,,,,,,,,,,,,
Tanzania,TZA,"Literacy rate, adult total (% of people ages 15 and above)",SE.ADT.LITR.ZS,,,,,,,,,,,,,,,,,,,,,,,,,,,,,59,,,,,,,,,,,,,,69,,,,,,,,67.80069733,,78,,,78,,,,,,,82.01999664,,
Uganda,UGA,"Literacy rate, adult total (% of people ages 15 and above)",SE.ADT.LITR.ZS,,,,,,,,,,,,,,,,,,,,,,,,,,,,,,,,56,,,,,,,,,,,68,,,,71,,,,73,,70,,,,69.10131836,,,,,,80.58999634,,
Ukraine,UKR,"Literacy rate, adult total (% of people ages 15 and above)",SE.ADT.LITR.ZS,,,,,,,,,,,,,,,,,,,,,,,,,,,,,,,,,,,,,,,,,,99,,,,,,,,,,,99.97434998,,,,,,,,,100,,,
Upper middle income,UMC,"Literacy rate, adult total (% of people ages 15 and above)",SE.ADT.LITR.ZS,,,,,,,,,,,,,,,,,66.26718903,66.49082947,67.51542664,68.63815308,69.66098785,70.64652252,71.57012939,72.50382233,73.58393097,74.48500061,75.36734009,76.26551056,79.67043304,80.31057739,81.0411377,81.5865097,82.15757751,82.69789886,83.23142242,83.80123901,84.31269073,88.71679688,89.11769867,89.47644806,89.87667084,90.19641876,90.54138947,90.98182678,91.32369995,91.58415985,91.86817169,92.87728882,93.30886078,93.4050293,93.60919189,93.75010681,93.99739075,94.06516266,94.4168396,94.53935242,94.7611618,94.77168274,94.92601776,95.21391296,95.32048035,95.35308075,95.49536896,95.61952209,
Uruguay,URY,"Literacy rate, adult total (% of people ages 15 and above)",SE.ADT.LITR.ZS,,,,,,,,,,,,,,,,94,,,,,,,,,,95,,,,,,,,,,,97,,,,,,,,,,98,98,98,98,98,98,98,98,98,99,99,99,99,99,,,99,,
United States,USA,"Literacy rate, adult total (% of people ages 15 and above)",SE.ADT.LITR.ZS,,,,,,,,,,,,,,,,,,,,,,,,,,,,,,,,,,,,,,,,,,,,,,,,,,,,,,,,,,,,,,,,,
Uzbekistan,UZB,"Literacy rate, adult total (% of people ages 15 and above)",SE.ADT.LITR.ZS,,,,,,,,,,,,,,,,,,,,,,,,,,,,,,,,,,,,,,,,,99,,,,,,,,,,,,,100,100,100,100,,100,100,,100,100,,
St. Vincent and the Grenadines,VCT,"Literacy rate, adult total (% of people ages 15 and above)",SE.ADT.LITR.ZS,,,,,,,,,,,96,,,,,,,,,,96.90000153,,,,,,,,,,,,,,,,,,,,,,,,,,,,,,,,,,,,,,,,,,,,
"Venezuela, RB",VEN,"Literacy rate, adult total (% of people ages 15 and above)",SE.ADT.LITR.ZS,,,,,,,,,,,,,,,,,,,,,,85,,,,,,,,,90,,,,,,,,,,,93,,,,,,95,,96,,95,,,,97,97,,,,,,97.59999847,,
British Virgin Islands,VGB,"Literacy rate, adult total (% of people ages 15 and above)",SE.ADT.LITR.ZS,,,,,,,,,,,,,,,,,,,,,,,,,,,,,,,,,,,,,,,,,,,,,,,,,,,,,,,,,,,,,,,,,
Virgin Islands (U.S.),VIR,"Literacy rate, adult total (% of people ages 15 and above)",SE.ADT.LITR.ZS,,,,,,,,,,,,,,,,,,,,,,,,,,,,,,,,,,,,,,,,,,,,,,,,,,,,,,,,,,,,,,,,,
Viet Nam,VNM,"Literacy rate, adult total (% of people ages 15 and above)",SE.ADT.LITR.ZS,,,,,,,,,,,,,,,,,,,,84,,,,,,,,,,88,,,,,,,,,,90,90,,,,,,,,,94,,,,,,,,,,96,,,96,,
Vanuatu,VUT,"Literacy rate, adult total (% of people ages 15 and above)",SE.ADT.LITR.ZS,,,,,,,,,,,,,,,,,,,,53,,,,,58.20000076,,,,,,,,,,68.69999695,,,,,74,,,,,78.40000153,,,,,,,,,,84.69999695,,,,,,,89.09999847,,,
World,WLD,"Literacy rate, adult total (% of people ages 15 and above)",SE.ADT.LITR.ZS,,,,,,,,,,,,,,,,,65.65878296,65.94909668,66.57205963,67.23374939,67.84754944,68.45053101,69.04213715,69.6113205,70.27236938,70.86435699,71.41603851,72.10942078,73.82408905,74.34681702,74.90692139,75.28640747,75.6942215,76.10236359,76.50138855,76.91177368,77.29624176,79.28838348,80.46865082,80.80593872,80.97917938,81.28595734,81.64013672,82.11424255,82.44724274,82.45471191,82.42524719,83.01180267,83.38551331,83.6086731,84.22715759,84.41078186,84.60137939,84.90309906,85.28639221,85.67887878,86.00010681,86.17700195,86.43747711,86.5479126,86.74745178,86.92751312,87.15532684,87.35600281,
Samoa,WSM,"Literacy rate, adult total (% of people ages 15 and above)",SE.ADT.LITR.ZS,,,,,,,,,,,,,,,,,,,,,,,,,,,,,,,,98,,,,,,,,,,,,,,,,,,,,99,,,,,,,,97.99025726,,99.09999847,,,
Kosovo,XKX,"Literacy rate, adult total (% of people ages 15 and above)",SE.ADT.LITR.ZS,,,,,,,,,,,,,,,,,,,,,,,,,,,,,,,,,,,,,,,,,,,,,,,,,,,,,,,,,,,,,,,,,
"Yemen, Rep.",YEM,"Literacy rate, adult total (% of people ages 15 and above)",SE.ADT.LITR.ZS,,,,,,,,,,,,,,,,,,,,,,,,,,,,,,,,,,,37,,,,,,,,,,54.09999847,,,,,,,,,,,,,,,,,,,,
South Africa,ZAF,"Literacy rate, adult total (% of people ages 15 and above)",SE.ADT.LITR.ZS,,,,,,,,,,,,,,,,,,,,,76,,,,,,,,,,,,,,,,82,,,,,,,,,,,89,,93,93,93,94,,94,94,91.73724365,87,,95,,90,,,
Zambia,ZMB,"Literacy rate, adult total (% of people ages 15 and above)",SE.ADT.LITR.ZS,,,,,,,,,,,,,,,,,,,,,,,,,,,,,,,65,,,,,,,,,68,,,69,,,,,61.12709045,,,83,,,,,,,,71.13230133,,87.5,,,,
Zimbabwe,ZWE,"Literacy rate, adult total (% of people ages 15 and above)",SE.ADT.LITR.ZS,,,,,,,,,,,,,,,,,,,,,,,78,,,,,,,,,,84,,,,,,,,,,,,,,,,,,,83.58271027,,,88.69342041,,,,,93.22754669,,,89.84999847,,
